"Reference","Qty","Value","LCSC Part#","DNP","Exclude from BOM","Exclude from Board","Footprint"
"BZ1","1","TMB12A05","C96093","","","","Buzzer_Beeper:Buzzer_12x9.5RM7.6"
"C1","1","100uF 50V","C97812","","","","Capacitor_SMD:CP_Elec_8x10"
"C2","1","2.2uF 100V","C577211","","","","Capacitor_SMD:C_1206_3216Metric"
"C3","1","2.2nF 50V","C1604","","","","Capacitor_SMD:C_0603_1608Metric"
"C4,C5","2","22uF 10V","C45783","","","","Capacitor_SMD:C_0805_2012Metric"
"C6,C7","2","10uF 10V","C15850","","","","Capacitor_SMD:C_0805_2012Metric"
"C8,C10,C11,C13","4","100nF","C14663","","","","Capacitor_SMD:C_0603_1608Metric"
"C9","1","470uF 10V","C970706","","","","Capacitor_SMD:CP_Elec_8x10"
"C12","1","4.7uF","C1779","","","","Capacitor_SMD:C_0805_2012Metric"
"C14","1","1uF","C15849","","","","Capacitor_SMD:C_0603_1608Metric"
"D1","1","ABS10 1000V 0.8A","C400507","","","","Diode_SMD:Diode_Bridge_Diotec_ABS"
"D2","1","SMAJ36A","C2760877","","","","Diode_SMD:D_SMA"
"D3,D4","2","SS34","C8678","","","","Diode_SMD:D_SMA"
"D5,D6","2","1N4148W","C81598","","","","Diode_SMD:D_SOD-123"
"D7","1","LED verde","C2297","","","","LED_SMD:LED_0805_2012Metric"
"F1","1","0.5A 60V","C462518","","","","Fuse:Fuse_1812_4532Metric"
"J2","1","USB-C","C165948","","","","Connector_USB:USB_C_Receptacle_HRO_TYPE-C-31-M-12"
"J3","1","DISCO 1 2 3 4","","","","","TerminalBlock_Phoenix:TerminalBlock_Phoenix_MKDS-1,5-4_1x04_P5.00mm_Horizontal"
"K1","1","TLP3546A(F) o AQV252G","","","","","Package_DIP:DIP-6_W7.62mm"
"K2","1","CPC1017N 60V 1A","C81521","","","","Package_SO:SOP-4_3.8x4.1mm_P2.54mm"
"L1","1","47uH 2A SRR1260-470M","C1329363","","","","Inductor_SMD:L_Bourns_SRR1260"
"OK1","1","PC817","C3025068","","","","Package_DIP:DIP-4_W7.62mm"
"Q1","1","MMBT3904","C20526","","","","Package_TO_SOT_SMD:SOT-23"
"R1,R4","2","100k","C25803","","","","Resistor_SMD:R_0603_1608Metric"
"R2","1","24.9k","C25962","","","","Resistor_SMD:R_0603_1608Metric"
"R3","1","49.9k","C23184","","","","Resistor_SMD:R_0603_1608Metric"
"R5","1","31.6k","C25967","","","","Resistor_SMD:R_0603_1608Metric"
"R6,R7","2","5.1k","C23186","","","","Resistor_SMD:R_0603_1608Metric"
"R8,R9,R10,R11,R12,R13","6","10k","C25804","","","","Resistor_SMD:R_0603_1608Metric"
"R14","1","15k 0.25W","C114932","","","","Resistor_SMD:R_1206_3216Metric"
"R15","1","390","C23151","","","","Resistor_SMD:R_0603_1608Metric"
"R16","1","560","C23204","","","","Resistor_SMD:R_0603_1608Metric"
"R17,R18","2","1k","C21190","","","","Resistor_SMD:R_0603_1608Metric"
"SW1","1","RESET","C2886899","","","","Button_Switch_SMD:SW_SPST_TL3305A"
"SW2","1","BOOT","C2886899","","","","Button_Switch_SMD:SW_SPST_TL3305A"
"U1","1","LM5164DDA","C477928","","","","Package_SO:Texas_HSOP-8-1EP_3.9x4.9mm_P1.27mm"
"U2","1","AMS1117-3.3","C6186","","","","Package_TO_SOT_SMD:SOT-223-3_TabPin2"
"U3","1","ESP32-S3-WROOM-1-N16R2","C2913205","","","","RF_Module:ESP32-S3-WROOM-1"
