Designator,Mid X,Mid Y,Rotation,Layer
BZ1,155.0172,-108.0,0.0,top
C1,124.75,-87.5,0.0,top
C10,143.3172,-120.5,0.0,top
C11,143.3172,-123.01,0.0,top
C12,144.0,-76.5,0.0,top
C13,143.3172,-125.52,0.0,top
C14,134.0422,-112.0,0.0,top
C2,130.8172,-64.0,90.0,top
C3,147.317,-63.5,90.0,top
C4,128.8672,-75.5,0.0,top
C5,128.8672,-80.0,0.0,top
C6,129.3672,-102.5,180.0,top
C7,129.3672,-107.5,0.0,top
C8,129.5422,-112.0,0.0,top
C9,113.75,-87.5,0.0,top
D1,116.3172,-64.0,90.0,top
D2,125.3172,-64.5,270.0,top
D3,136.3172,-80.5,0.0,top
D4,148.8,-118.2,0.0,top
D5,155.3172,-65.5,0.0,top
D6,150.0,-100.5,0.0,top
D7,150.0,-127.3,0.0,top
F1,108.6797,-64.0,0.0,top
J1,107.3172,-52.3725,0.0,top
J10,161.8172,-70.995,0.0,top
J2,159.9972,-122.95,0.0,top
J3,171.517,-116.5,90.0,top
J4,132.8172,-52.7,0.0,top
J5,164.8172,-52.7,0.0,top
J6,171.5172,-93.5,90.0,top
J7,103.317,-116.96,0.0,top
J8,103.5,-98.31,0.0,top
J9,169.8172,-80.5,0.0,top
K1,151.8172,-86.5,0.0,top
K2,151.8,-93.5,0.0,top
L1,114.3172,-75.5,90.0,top
OK1,151.822,-77.995,180.0,top
Q1,159.5,-100.0,0.0,top
R1,133.8172,-71.0,0.0,top
R10,133.9922,-120.0,180.0,top
R11,108.0,-98.0,270.0,top
R12,151.3372,-123.0,0.0,top
R13,144.0,-79.3,0.0,top
R14,155.3172,-70.0,0.0,top
R15,129.8172,-120.0,0.0,top
R16,133.9922,-103.5,0.0,top
R17,162.5,-101.0,90.0,top
R18,145.3172,-99.0,0.0,top
R2,138.4922,-75.0,0.0,top
R3,138.3172,-71.0,0.0,top
R4,128.9922,-71.0,0.0,top
R5,133.8172,-75.0,0.0,top
R6,147.3272,-123.01,0.0,top
R7,147.3272,-125.52,0.0,top
R8,129.4922,-116.5,0.0,top
R9,133.9922,-116.5,0.0,top
SW1,142.2172,-105.5,0.0,top
SW2,142.7172,-113.5,0.0,top
U1,139.8172,-64.5,0.0,top
U2,138.8172,-96.5,0.0,top
U3,116.1422,-115.35,180.0,top
